question,answer
What is a student account?,"A student account is a type of bank account designed for students, typically offering features such as no or low monthly fees, overdraft protection, and incentives for maintaining good grades."
How does an employee account differ from a regular account?,"An employee account may offer additional benefits tailored for employees of a particular company, such as special interest rates, discounts on loans, or waived fees."
What are the benefits of having a credit card?,"Credit cards offer convenience, the ability to build credit history, rewards programs, fraud protection, and the flexibility to make purchases now and pay later."
Can you explain the difference between a debit card and a credit card?,"A debit card deducts funds directly from your checking account when you make a purchase, while a credit card allows you to borrow money from the issuer up to a certain limit, which you must repay with interest."
How can I apply for a credit card?,"You can typically apply for a credit card online through the bank's website, in person at a branch, or by mail. You'll need to provide personal information such as your name, address, income, and social security number."
What are the risks associated with using a debit card?,"The primary risk is that if your debit card is lost or stolen, someone could potentially access your bank account and withdraw funds. Unlike credit cards, debit cards do not offer the same level of fraud protection."
How do I dispute a transaction on my credit card statement?,"To dispute a transaction, you should contact your credit card issuer as soon as possible and explain the situation. They will typically investigate the matter and may issue a temporary credit while they review the dispute."
What should I do if I lose my credit card?,"If your credit card is lost or stolen, you should immediately contact your credit card issuer to report it. They can deactivate the card to prevent unauthorized use and issue you a new one."
What are the common features of a savings account?,"Savings accounts typically offer interest on deposited funds, access to online banking, ATM withdrawals, and the ability to set up automatic transfers for savings goals."
How does compound interest work in a savings account?,"Compound interest is the interest calculated on both the initial principal and the accumulated interest from previous periods. In a savings account, this means your balance grows faster over time as interest is added to your principal."
What is the difference between a checking account and a savings account?,"A checking account is typically used for everyday transactions such as paying bills and making purchases, while a savings account is designed for storing funds for future needs and earning interest on those funds."
How do I deposit money into my account?,"You can deposit money into your account by visiting a branch and depositing cash or checks, using an ATM, setting up direct deposit with your employer, or transferring funds from another account."
What is overdraft protection?,"Overdraft protection is a service offered by banks that allows transactions to go through even if you don't have enough funds in your account. However, it may result in fees, so it's important to manage your account balance carefully."
How do I set up online banking?,"To set up online banking, you'll typically need to register on your bank's website or mobile app. You'll need to provide personal information and create login credentials. Once registered, you can access your account, view transactions, and perform various banking activities online."
What should I do if I notice unauthorized activity on my account?,"If you suspect unauthorized activity on your account, you should contact your bank immediately to report it. They can help you investigate the issue, freeze your account if necessary, and take steps to prevent further unauthorized access."
What is a wire transfer?,A wire transfer is a method of electronically transferring funds from one bank account to another. It's often used for large transactions or when funds need to be transferred quickly.
What is the difference between an ATM card and a debit card?,"An ATM card typically allows you to withdraw cash from ATMs and may have limited functionality, while a debit card can be used not only for ATM withdrawals but also for purchases online and at point-of-sale terminals, deducting funds directly from your bank account."
How does a certificate of deposit (CD) work?,"A certificate of deposit is a type of savings account with a fixed term and fixed interest rate. You deposit a certain amount of money for a specified period, and in return, you receive higher interest rates than traditional savings accounts. However, early withdrawal may result in penalties."
What is the purpose of a money market account?,A money market account is a type of savings account that typically offers higher interest rates than regular savings accounts. It may require a higher minimum balance and may come with limited check-writing capabilities.
How can I improve my credit score?,"To improve your credit score, you can pay bills on time, keep credit card balances low, avoid opening unnecessary accounts, and monitor your credit report for errors."
What is a secured credit card?,"A secured credit card requires a cash deposit as collateral, which typically becomes your credit limit. It's designed for individuals with limited or poor credit history to help them build or rebuild credit."
What is a joint account?,"A joint account is a bank account shared by two or more individuals, each of whom has equal access to funds in the account. It's commonly used by couples or family members to manage finances together."
How does a credit union differ from a bank?,"Credit unions are nonprofit organizations owned by their members, while banks are for-profit institutions. Credit unions often offer lower fees and better interest rates but may have fewer branch locations and ATMs."
What is a cashier's check?,"A cashier's check is a check issued by a bank, guaranteed by the bank, and paid out of its own funds. It's often used for large purchases or transactions where a personal check may not be accepted."
What is a pre-authorized payment?,"A pre-authorized payment is an arrangement where you authorize a company or organization to withdraw funds from your bank account on a regular basis to pay bills or make recurring payments, such as utility bills or subscriptions."
How can I protect myself from identity theft and fraud?,"To protect yourself from identity theft and fraud, you should safeguard your personal information, regularly monitor your accounts for suspicious activity, shred sensitive documents, and be cautious when sharing information online or over the phone."
What is a credit report and why is it important?,"A credit report is a detailed record of your credit history, including your credit accounts, payment history, and inquiries. It's important because it's used by lenders, landlords, and employers to assess your creditworthiness and financial responsibility."
What is the difference between a fixed-rate and variable-rate mortgage?,"A fixed-rate mortgage has a set interest rate that remains the same for the entire loan term, providing stability in monthly payments. In contrast, a variable-rate mortgage has an interest rate that can fluctuate over time, potentially affecting your monthly payments."
What is the role of the Federal Deposit Insurance Corporation (FDIC)?,"The Federal Deposit Insurance Corporation (FDIC) is a government agency that insures deposits in banks and thrift institutions up to a certain limit per depositor, per insured bank. It helps maintain stability and public confidence in the nation's banking system."
What is the purpose of Regulation D?,Regulation D is a federal regulation that imposes reserve requirements on certain types of deposits and limits the number of withdrawals and transfers from savings accounts. It's intended to ensure the stability of banks and credit unions.
What are the benefits of mobile banking?,"Mobile banking allows you to conveniently access your accounts, check balances, transfer funds, pay bills, and deposit checks using a smartphone or tablet, anytime and anywhere with an internet connection."
How does automatic bill pay work?,"Automatic bill pay is a service offered by banks and billers that allows you to schedule recurring payments for bills. Once set up, the payment is automatically deducted from your account on the specified date, saving you time and ensuring bills are paid on time."
What is the difference between a traditional IRA and a Roth IRA?,"A traditional IRA allows you to make tax-deductible contributions, and your investments grow tax-deferred until you withdraw them in retirement, at which point they are taxed as ordinary income. In contrast, a Roth IRA allows you to make after-tax contributions, and qualified withdrawals in retirement are tax-free."
How does a home equity line of credit (HELOC) work?,"A home equity line of credit (HELOC) is a revolving line of credit secured by the equity in your home. You can borrow against the equity up to a certain limit, and interest is typically variable. It's often used for home improvements, debt consolidation, or other major expenses."
What is a grace period on a credit card?,"A grace period on a credit card is the period between the end of a billing cycle and the due date for the payment. During this time, no interest is charged on new purchases if the previous balance is paid in full by the due date."
What is the purpose of a financial advisor?,"A financial advisor provides guidance on various aspects of personal finance, including investing, retirement planning, tax strategies, insurance, and estate planning. They help individuals and families make informed decisions to achieve their financial goals."
What is the difference between a credit score and a credit report?,"A credit score is a numerical representation of your creditworthiness, based on information in your credit report. A credit report is a detailed record of your credit history, including accounts, payment history, and inquiries, used to calculate your credit score."
How does compound interest work on a loan?,"Compound interest on a loan means that interest is charged not only on the principal amount borrowed but also on any accumulated interest. This can result in the total amount owed increasing over time, especially with long-term loans."
What is the role of the Consumer Financial Protection Bureau (CFPB)?,"The Consumer Financial Protection Bureau (CFPB) is a government agency responsible for protecting consumers in the financial marketplace. It regulates financial institutions, enforces consumer protection laws, and educates consumers about their rights and responsibilities."
What is the difference between a secured loan and an unsecured loan?,"A secured loan is backed by collateral, such as a car or home, which the lender can seize if the borrower defaults on the loan. An unsecured loan does not require collateral but typically has higher interest rates and stricter eligibility requirements."
